eri_application_id,application_id,info_source,applicant_id_eri,applicant_id,status,range,application_date,application_signed,followup_done,followup_details,applied_previously,applied_previously_date,previously_approved,application_experience,application_comments
Apply_1,,Call,App_5,285,Permit Awarded,Belmopan,,,,,,,,"Mrs Casasola didn't apply. Fd just reached to her home, inspected and registered the parrots there and banded both.",
Apply_2,CZL 90,Historic,App_6,,,,,,,,,,,,
Apply_3,CZL 116,Historic,App_8,,,,2016-09-29,,,,,,,,
Apply_4,CZL 76,Historic,App_13,,,,,,,,,,,,
Apply_5,,Historic,App_14,334,Permit Awarded,Orange Walk,,,,,,,,,
Apply_6,CZL 65,Historic,App_17,,,,,,,,,,,,
Apply_7,,Call,App_18,,Permit Awarded,,,,,,,,,straightforward and provided instructions to meet minimum standards and bird got banded,
Apply_8,,Call,App_20,,,,,,false,,,,,FD posted that it was the time to apply for permits and so she did but never got any follow up,"She would like her permit, she said "" better late than never!"""
Apply_9,,Historic,App_23,286,,Belmopan,,,,,,,,,
Apply_10,CZL 144,Historic,App_25,,,,2016-10-27,,,,,,,,
Apply_11,CZL 111,Historic,App_26,,,,2016-09-27,,,,,,,,
Apply_12,CZL 113,Historic,App_27,,,,2016-09-27,,,,,,,,
Apply_13,CZL 4,Historic,App_31,,,,2014-23-12,,,,,,,,
Apply_14,,Call,App_33,,Permit Awarded,,,,,,,,,FD inspected home and approved her keeping the 5 birds bc all of them were very healthy and living in good conditions.,
Apply_15,CZL 35,Call,App_34,,,,,,false,,,,,,
Apply_16,,Call,App_36,381,Permit Awarded,Belmopan,,,,,,,,Good,
Apply_17,CZL 73,Historic,App_40,,,,,,,,,,,,
Apply_18,,Historic,App_43,194,Permit Awarded,San Ignacio,,,,,,,,,
Apply_19,CZL 135,Historic,App_47,,,,2016-10-21,,,,,,,,
Apply_20,,Historic,App_49,93,Permit Awarded,Orange Walk,,,,,,,,,
Apply_21,,Historic,App_49,93,,Orange Walk,,,,,,,,,
Apply_22,,Historic,App_49,93,,Orange Walk,,,,,,,,,
Apply_23,,Historic,App_49,93,,Orange Walk,,,,,,,,,
Apply_24,,Call,App_54,,,,,,,,,,,Good,
Apply_25,CZL 66,Historic,App_56,,,,,,,,,,,,
Apply_26,CZL 74,Historic,App_57,,,,,,,,,,,,
Apply_27,,Call,App_58,211,Permit Awarded,San Ignacio,,,,,,,,Fairly easy,
Apply_28,,Call,App_58,211,,San Ignacio,,,,,,,,Fairly easy,
Apply_29,CZL 81,Historic,App_60,,,,,,,,,,,,
Apply_30,,Call,App_64,,Permit Awarded,,,,,,,,,Straightforward,
Apply_31,,Call,App_65,,,,,,false,,,,,Good,
Apply_32,CZL 100,Historic,App_68,,,,2016-07-18,,,,,,,,
Apply_33,CZL 67,Historic,App_74,,,,,,,,,,,,
Apply_34,,Historic,App_79,190,Permit Awarded,San Ignacio,,,,,,,,,
Apply_35,,Call,App_80,,,,,,false,,,,,Miss Lotiff went to the school where FD reached and were registering parrots.,
Apply_36,CZL 154*,Historic,App_81,,,,2017-07-13,true,,,false,,,,
Apply_37,CZL 131,Historic,App_82,,,,2016-10-12,,,,,,,,
Apply_38,CZL 122,Historic,App_85,,,,2016-10-05,,,,,,,,
Apply_39,CZL 63,Historic,App_91,,,,,,,,,,,,
Apply_40,,Historic,App_95,360,Permit Awarded,Orange Walk,,,,,,,,,
Apply_41,,Call,App_99,,,,,,false,,,,,"Was expecting to recieve permit, however, she never heard back from them",FD said they would reach out to her after 8 months.
Apply_42,,Historic,App_100,251,Permit Awarded,Savannah,,,,,,,,,
Apply_43,CZL 36,Historic,App_104,337,Permit Awarded,Orange Walk,,,,,,,,,
Apply_44,,Call,App_105,,,,,,,,,,,It was an easy process.,
Apply_45,CZL 121,Call,App_106,,,,2016-09-29,,,,,,,,
Apply_46,,Historic,App_108,295,Permit Awarded,Belmopan,,,,,,,,,
Apply_47,,Call,App_111,,,,,,true,They asked her to go to the office but she did not.,,,,,
Apply_48,CZL 17,Historic,App_113,,,,2014-12-24,,,,,,,,
Apply_49,,Call,App_114,,,,,,false,,,,,Good but expected to hear back and didn't,
Apply_50,,Historic,App_115,250,Permit Awarded,San Ignacio,,,,,,,,,
Apply_51,,Call,App_116,,,,,,false,,,,,U,
Apply_52,,Historic,App_119,270,Permit Awarded,San Ignacio,,,,,,,,,
Apply_53,,Historic,App_121,346,Permit Awarded,Orange Walk,,,,,,,,,
Apply_54,,Historic,App_123,264,Permit Awarded,San Ignacio,,,,,,,,,
Apply_55,CZL 38,Historic,App_126,,,,,,,,,,,,
Apply_56,,Historic,App_129,288,Permit Awarded,Belmopan,,,,,,,,,
Apply_58,,Historic,App_131,266,Permit Awarded,San Ignacio,,,,,,,,,
Apply_59,,Historic,App_133,75,Permit Awarded,Belmopan,,,,,,,,,
Apply_60,CZL 50,Historic,App_134,,,,,,,,,,,,
Apply_61,CZL 49,Historic,App_137,,,,,,,,,,,,
Apply_62,,Call,App_143,,,,,,false,,,,,Good,
Apply_64,,Call,App_151,195,Permit Awarded,San Ignacio,,,,,,,,straightforward,
Apply_66,,Historic,App_154,226,Permit Awarded,San Ignacio,,,,,,,,,
Apply_67,,Historic,App_156,274,Permit Awarded,San Ignacio,,,,,,,,,
Apply_68,CZL 143,Historic,App_157,,,,2016-10-27,,,,,,,,
Apply_69,BMP 49,Historic,App_161,,,,2014-12-12,,,,,,,,
Apply_70,,Historic,App_164,103,Permit Awarded,Orange Walk,,,,,,,,,
Apply_71,,Historic,App_166,218,Permit Awarded,San Ignacio,,,,,,,,,
Apply_72,CZL 117,Historic,App_167,,,,2016-09-29,,,,,,,,
Apply_73,,Historic,App_168,297,Permit Awarded,Belmopan,,,,,,,,,
Apply_74,,Historic,App_173,220,Permit Awarded,San Ignacio,,,,,,,,,
Apply_75,CZL 70,Historic,App_174,,,,,,,,,,,,
Apply_76,CZL 150*,Historic,App_175,341,Permit Awarded,Orange Walk,2016-11-21,,,,,,,,
Apply_77,CZL 11,Historic,App_179,,,,2015-16-01,,,,,,,,
Apply_79,,Historic,App_183,243,Permit Awarded,San Ignacio,,,,,,,,,
Apply_80,CZL 30,Historic,App_184,,,,2014-07-04,,,,,,,,
Apply_83,BMP 73,Historic,App_188,,,,2015-02-27,true,true,Closed,false,,,,Plans to submit another application soon
Apply_84,,Call,App_193,,,,,,false,,,,,Was expecting to recieve a permit but didn't,
Apply_85,,Historic,App_194,105,Permit Awarded,San Ignacio,,,,,,,,,
Apply_86,CZL 56,Historic,App_195,,,,,,,,,,,,
Apply_87,,Historic,App_199,241,,San Ignacio,,,,,,,,,
Apply_89,,Call,App_212,,,,,,true,FD went to his home once but he wasn't there,,,,Was okay,
Apply_90,BMP 32,Historic,App_215,,Permit Awarded,,2014-12-31,,,,,,,,
Apply_91,,Historic,App_220,388,,Belmopan,,,,,,,,,
Apply_92,,Call,App_224,,,,,,,,,,,,"Miss Pulido stated she has a permit, but also that the bird doesnt have a band and the FD didn't do any inspection."
Apply_93,CZL 112,Historic,App_229,,,,2016-09-27,,,,,,,,
Apply_94,,Historic,App_234,331,Permit Awarded,Orange Walk,,,,,,,,,
Apply_95,,Historic,App_234,331,Permit Awarded,Orange Walk,,,,,,,,,
Apply_96,,Historic,App_235,249,Permit Awarded,San Ignacio,,,,,,,,,
Apply_97,BMP 84,Historic,App_237,,,,2015-05-26,true,true,Owner moved,false,,,,
Apply_98,,Call,App_239,299,Permit Awarded,Belmopan,,,,,,,,Good,
Apply_99,CZL 104,Historic,App_240,,,,2016-09-26,,,,,,,,
Apply_100,CZL 13,Historic,App_243,,,,2014-11-30,,,,,,,,
Apply_101,CZL 99,Historic,App_246,,,,2016-07-07,,,,,,,,
Apply_102,,Historic,App_247,215,Permit Awarded,San Ignacio,,,,,,,,,
Apply_103,CZL 14,Historic,App_249,,,,2014-12-15,,,,,,,,
Apply_105,BMP 25,Call,App_255,,,,2014-12-19,,false,,,,,,
Apply_106,,Call,App_256,,,,,,,,,,,,Uncertain how his name is in the database. He didnt apply. His friend gave him the bird already banded.
Apply_107,,Call,App_258,,,,,,,,,,,"Good, no issues",
Apply_109,,Call,App_264,,,,,,false,,,,,Straightforward,
Apply_110,BZ 54,Historic,App_265,314,Permit Awarded,Belmopan,2016-09-28,true,true,Approved after probation,false,,,,
Apply_111,,Historic,App_270,289,,Belmopan,,,,,,,,,
Apply_112,,Historic,App_271,329,Permit Awarded,Belmopan,,,,,,,,,
Apply_113,,Call,App_276,104,,San Ignacio,,,,,,,,Good,
Apply_115,,Historic,App_280,232,Permit Awarded,San Ignacio,,,,,,,,,
Apply_116,,Historic,App_282,217,Permit Awarded,San Ignacio,,,,,,,,,
Apply_117,,Call,App_286,,,,,,false,,,,,FD said the would follow up but didn't,
Apply_118,,Historic,App_291,223,Permit Awarded,San Ignacio,,,,,,,,,
Apply_119,,Historic,App_292,101,Permit Awarded,San Ignacio,,,,,,,,,
Apply_120,CZL 115,Historic,App_293,,,,2016-09-29,,,,,,,,
Apply_121,,Call,App_294,,Permit Awarded,,,,,,,,,took a while,
Apply_122,CZL 94,Historic,App_298,,,,2016-06-08,,,,,,,,
Apply_123,CZL 142,Historic,App_303,,,,2016-10-25,,,,,,,,
Apply_124,,Call,App_304,,,,,,,,,,,"Applicant was not satisfied bc FD said they would return to band the birds, but never did.",
Apply_125,,Call,App_305,,,,,,true,Just visited once but didn't get bird banded nor obtained permit,,,,Very professional,
Apply_126,CZL 34,Call,App_306,,,,,,true,Inspected home to make sure minimun standards were met,,,,Good,After inspection FD said they would get back to her with the permit & band but didn't
Apply_127,,Call,App_309,,Permit Awarded,,,,,,,,,"Was good, Fd explained all the regulations",
Apply_128,CZL 39,Historic,App_315,,,,,,,,,,,,
Apply_129,,Call,App_318,,Permit Awarded,,,,,,,,,Was complicated,
Apply_130,,Call,App_320,,,,,,,,,,,Was okay,
Apply_131,CZL16,Historic,App_324,,,,2014-06-13,,,,,,,,
Apply_132,BMP 24,Historic,App_325,,,,2014-12-11,,,,,,,,
Apply_133,CZL 20,Historic,App_329,,,,2014-07-02,,,,,,,,
Apply_134,,Historic,App_330,261,Permit Awarded,San Ignacio,,,,,,,,,
Apply_135,,Historic,App_332,137,,Orange Walk,,,,,,,,,
Apply_136,,Historic,App_337,112,Permit Awarded,Savannah,,,,,,,,,
Apply_137,,Historic,App_338,290,Permit Awarded,Belmopan,,,,,,,,,
Apply_138,,Historic,App_347,191,Permit Awarded,San Ignacio,,,,,,,,,
Apply_139,CZL 138,Historic,App_351,340,Permit Awarded,Orange Walk,2016-10-25,,,,,,,,
Apply_140,CZL 146,Historic,App_352,,,,2016-10-31,,,,,,,,
Apply_141,CZL 26,Historic,App_353,,,,2015-03-26,,,,,,,,
Apply_142,CZL 41,Call,App_354,,,,,,false,,,,,"Good, was expecting to hear back from FD but didn't",
Apply_143,CZL 32,Historic,App_359,,,,2014-08-07,,,,,,,,
Apply_144,BMP 270,Historic,App_362,,,,2014-12-22,,,,,,,,
Apply_145,,Historic,App_365,348,Permit Awarded,Orange Walk,,,,,,,,,
Apply_146,,Historic,App_365,348,,Orange Walk,,,,,,,,,
Apply_147,,Historic,App_366,301,Permit Awarded,Belmopan,,,,,,,,,
Apply_148,CZL 95,Historic,App_370,,,,2016-06-08,,,,,,,,
Apply_149,,Call,App_371,365,Permit Awarded,Orange Walk,,,,,,,,Was good,
Apply_150,,Historic,App_372,188,Permit Awarded,San Ignacio,,,,,,,,,
Apply_151,CZL 43,Historic,App_373,,,,,,,,,,,,
Apply_152,CZL 149,Historic,App_374,,,,2016-10-19,,,,,,,,
Apply_153,,Call,App_375,,,,,,false,,,,,,
Apply_155,CZL 68,Historic,App_378,,,,,,,,,,,,
Apply_156,CZL 127,Historic,App_381,,,,2016-10-18,,,,,,,,
Apply_158,CZL 8,Historic,App_392,362,Permit Awarded,Orange Walk,2015-03-03,,,,,,,,
Apply_159,,Historic,App_401,269,Permit Awarded,San Ignacio,,,,,,,,,
Apply_160,,Call,App_404,,,,,,false,,,,,Good,
Apply_161,,Call,App_405,,,,,,true,Officers approached her home and registered both birds there. She was told that they would provide her with a permit and two bands soon.,,,,,
Apply_162,,Historic,App_408,244,Permit Awarded,San Ignacio,,,,,,,,,
Apply_163,CZL 71,Historic,App_409,,,,,,,,,,,,
Apply_164,BMP 51,Historic,App_410,,,,2014-12-31,,,,,,,,
Apply_165,,Historic,App_414,283,Permit Awarded,San Ignacio,,,,,,,,,
Apply_166,CZL 107,Historic,App_423,,,,2016-09-28,,,,,,,,
Apply_167,,Call,App_424,,,,,,false,,,,,U,
Apply_169,CZL 72,Historic,App_426,,,,,,,,,,,,
Apply_170,CZL 97,Historic,App_428,,,,2016-06-30,,,,,,,,
Apply_171,CZL 19,Historic,App_429,,,,2014-08-19,,,,,,,,
Apply_172,CZL 46,Call,App_431,,,,,,false,,,,,Not so great- was a big expense to make the cage FD required,
Apply_173,,Historic,App_433,88,Permit Awarded,San Ignacio,,,,,,,,,
Apply_174,BMP 85,Historic,App_437,,,,2015-05-19,true,true,Closed,false,,,,
Apply_175,,Historic,App_440,349,Permit Awarded,Orange Walk,,,,,,,,,
Apply_176,CZL 22,Historic,App_443,,,,2014-12-22,,,,,,,,
Apply_177,BMP 146,Historic,App_447,318,Permit Awarded,San Ignacio,2014-11-04,false,true,"One parrot died from dog attack, birds free, healthy diet; application approved",,,,,
Apply_178,CZL 114,Historic,App_452,,,,2016-09-26,,,,,,,,
Apply_179,,Call,App_454,,,,,,false,,,,,Good,
Apply_180,,Call,App_455,279,Permit Awarded,San Ignacio,,,,,,,,straighforward,
Apply_181,CZL 102,Historic,App_456,,,,2016-08-22,,,,,,,,
Apply_184,,Call,App_471,,,,,,false,,,,,Not good because he did not have any follow up.,
Apply_185,,Historic,App_475,345,Permit Awarded,Orange Walk,,,,,,,,,
Apply_186,,Call,App_476,,,,,,false,,,,,"Good, she felt better knowing she had registered the bird",
Apply_187,,Historic,App_480,139,,Orange Walk,,,,,,,,,
Apply_188,,Call,App_482,,,,,,false,,,,,,
Apply_189,,Call,App_483,,,,,,,,,,,Two male Fd staff inspected home but he didn't get the birds banded.,
Apply_190,,Call,App_484,,,,,,false,,,,,Straightforward,
Apply_191,BMP 27,Historic,App_487,,,,2014-12-23,,,,,,,,
Apply_192,CZL 31,Historic,App_491,,,,2014-12-30,,,,,,,,
Apply_193,CZL 120,Historic,App_494,,,,2016-09-29,,,,,,,,
Apply_195,CZL 48,Historic,App_501,,,,,,,,,,,,
Apply_196,,Historic,App_502,263,Permit Awarded,San Ignacio,,,,,,,,,
Apply_197,CZL 128,Call,App_504,,,,2016-10-17,,false,,,,,Straighforward- they were friendly,
Apply_198,,Historic,App_510,300,Permit Awarded,Belmopan,,,,,,,,,
Apply_199,CZL 7,Historic,App_511,,,,2015-03-02,,,,,,,,
Apply_200,CZL 89,Historic,App_511,,,,,,,,,,,,
Apply_202,CZL 134,Historic,App_514,,,,2016-10-20,,,,,,,,
Apply_203,,Call,App_520,82,Permit Awarded,San Ignacio,,,,,,,,Good,
Apply_204,CZL 83,Historic,App_521,,,,,,,,,,,,
Apply_205,CZL 105,Historic,App_524,,,,2016-09-26,,,,,,,,
Apply_206,,Call,App_525,,Permit Awarded,,,,,,,,,"They were asking who had parrots, someone said she had one and they visited her home. Parrot got registered there.",
Apply_207,,Call,App_530,,,,,,false,,,,,Pretty good,
Apply_208,,Historic,App_533,160,Permit Awarded,San Ignacio,,,,,,,,,
Apply_209,CZL 123,Historic,App_534,,,,2016-10-06,,,,,,,,
Apply_210,CZL 40,Historic,App_542,,,,,,,,,,,,
Apply_211,,Historic,App_549,,Permit Awarded,,,,,,,,,"He registered the parrot when it was small and was told he couldn't receive a permit due to the bird being too young, however, he had worked for forestry before and an arrangemenet was made.",
Apply_212,,Historic,App_550,240,Permit Awarded,San Ignacio,,,,,,,,,
Apply_213,CZL 133,Historic,App_553,,,,2016-10-12,,,,,,,,
Apply_214,,Call,App_555,307,Permit Awarded,Belmopan,,,,,,,,Good- smooth process,
Apply_215,CZL 24,Historic,App_558,,,,2015-03-26,,,,,,,,
Apply_217,,Call,App_562,,,,,,,,,,,Good,
Apply_218,CZL 55,Historic,App_564,,,,,,,,,,,,
Apply_219,CZL 52,Historic,App_565,,,,,,,,,,,,
Apply_221,,Historic,App_568,230,Permit Awarded,San Ignacio,,,,,,,,,
Apply_222,,Call,App_570,276,Permit Awarded,San Ignacio,,,,,,,,Goood,
Apply_223,,Historic,App_571,335,Permit Awarded,Orange Walk,,,,,,,,,
Apply_224,,Historic,App_571,335,,Orange Walk,,,,,,,,,
Apply_225,BMP 22,Historic,App_572,,,,2014-12-18,,,,,,,,
Apply_226,,Historic,App_573,187,Permit Awarded,San Ignacio,,,,,,,,,
Apply_227,,Historic,App_574,,,,2020-10-01,true,,,true,4 years ago,,,
Apply_228,CZL 137,Historic,App_575,,,,2016-10-25,,,,,,,,
Apply_229,,Call,App_577,404,Permit Awarded,San Ignacio,,,,,,,,Good,
Apply_230,CZL 33,Historic,App_578,,,,,,,,,,,,
Apply_231,CZL 153*,Historic,App_584,,,,2017-05-26,false,,,false,,,,
Apply_233,,Historic,App_593,293,Permit Awarded,Belmopan,,,,,,,,,
Apply_234,,Historic,App_593,293,Permit Awarded,Belmopan,,,,,,,,,
Apply_235,,Historic,App_593,293,,Belmopan,,,,,,,,,
Apply_236,,Historic,App_593,293,,Belmopan,,,,,,,,,
Apply_237,,Call,App_597,,,,,,,,,,,Was good,
Apply_238,,Historic,App_612,303,Permit Awarded,Belmopan,,,,,,,,,
Apply_239,,Historic,App_615,242,Permit Awarded,San Ignacio,,,,,,,,,
Apply_240,,Historic,App_621,347,Permit Awarded,Orange Walk,,,,,,,,,
Apply_241,BMP 1,Historic,App_628,,,,2014-12-29,,,,,,,,
Apply_242,CZL 62,Historic,App_630,,,,,,,,,,,,
Apply_244,CZL 6,Historic,App_633,,,,,,,,,,,,
Apply_245,CZL 44,Call,App_634,,,,,,false,,,,,,
Apply_246,,Call,App_637,,,,,,false,,,,,Doesn't have much to say. Applied and didn't have a follow-up,
Apply_247,,Historic,App_641,268,Permit Awarded,San Ignacio,,,,,,,,,
Apply_248,,Call,App_642,357,Permit Awarded,Orange Walk,,,,,,,,Good,
Apply_249,CZL 57,Historic,App_643,338,Permit Awarded,Orange Walk,,,,,,,,,
Apply_250,BMP 35,Historic,App_647,,,,2015-01-05,,,,,,,,
Apply_251,CZL 9,Call,App_648,363,Permit Awarded,Orange Walk,2015-03-03,,,,,,,"He didn't know it was illegal to have parrots. Someone told FD he had one and around the same time they were registering, so they approached his home and registered the bird there.",
Apply_252,,Call,App_649,302,Permit Awarded,Belmopan,,,,,,,,Good,
Apply_254,BMP 31,Historic,App_655,,,,2014-12-31,,,,,,,,
Apply_255,,Call,App_658,90,,San Ignacio,,,,,,,,Went to cayo and everything was good,
Apply_256,,Historic,App_667,245,Permit Awarded,San Ignacio,,,,,,,,,
Apply_257,,Historic,App_669,64,Permit Awarded,San Ignacio,,,,,,,,,
Apply_258,,Call,App_670,227,Permit Awarded,San Ignacio,,,,,,,,"When FD registered the bird, she told them to take it away. However, they told her the bird was already old and therefore would not survive in the wild.",
Apply_259,,Call,App_679,,,,,,,,,,,Good,
Apply_260,,Historic,App_681,254,Permit Awarded,San Ignacio,,,,,,,,,
Apply_261,CZL 126,Historic,App_683,,,,2016-10-17,,,,,,,,
Apply_262,BMP 33,Historic,App_687,,,,2015-07-01,,,,,,,,
Apply_263,,Call,App_688,,,,,,,,,,,Good,
Apply_264,CZL 101,Historic,App_691,,,,2016-08-15,,,,,,,,
Apply_265,,Historic,App_692,213,Permit Awarded,San Ignacio,,,,,,,,,
Apply_266,BMP 75,Historic,App_703,,,,2014-12-23,true,true,Closed,false,,,,
Apply_267,CZL 78,Historic,App_704,,,,,,,,,,,,
Apply_268,,Historic,App_711,284,Permit Awarded,Orange Walk,,,,,,,,,
Apply_270,CZL 79,Historic,App_717,,,,,,,,,,,,
Apply_271,,Call,App_719,,Permit Awarded,,,,,,,,,Good,
Apply_272,,Historic,App_727,153,Permit Awarded,Orange Walk,,,,,,,,,
Apply_273,,Call,App_732,,,,,,,,,,,Good got bird banded,
Apply_274,CZL 108,Historic,App_736,,,,2016-09-27,,,,,,,,
Apply_275,,Call,App_738,,,,,,,,,,,FD approached her home. They banded & registered the bird there.,
Apply_276,,Historic,App_739,75,Permit Awarded,Belmopan,,,,,,,,,
Apply_277,CZL 98,Call,App_740,,,,2016-06-30,,,,,,,FD approached her home. They banded & registered the bird there.,
Apply_278,CZL 103,Historic,App_741,,,,2016-08-30,,,,,,,,
Apply_279,CZL 151*,Historic,App_748,,,,2017-06-23,true,,,,,,,
Apply_280,,Historic,App_749,91,Permit Awarded,Orange Walk,,,,,,,,,
Apply_281,,Historic,App_750,247,Permit Awarded,San Ignacio,,,,,,,,,
Apply_282,,Call,App_751,,,,,,,,,,,"Good, was asked similar questions to the ones in this survey",
Apply_283,CZL 77,Historic,App_755,,,,,,,,,,,,
Apply_284,,Historic,App_758,221,Permit Awarded,San Ignacio,,,,,,,,,
Apply_285,CZL 92,Historic,App_760,,,,2016-03-05,,,,,,,,
Apply_286,,Call,App_762,,,,,,,,,,,Good,
Apply_287,BMP 23,Historic,App_765,,,,,,,,,,,,
Apply_289,CZL 119,Historic,App_767,,,,2016-09-29,,,,,,,,
Apply_290,,Call,App_775,,,,,,,,,,,Good,
Apply_291,,Call,App_778,,,,,,false,,,,,,
Apply_292,,Call,App_779,,,,,,,,,,,"Formal, measured cage and banded bird.",
Apply_293,,Historic,App_782,253,Permit Awarded,San Ignacio,,,,,,,,,
Apply_294,CZL85,Historic,App_783,,,,,,,,,,,,
Apply_295,CZL 53,Historic,App_785,,,,,,,,,,,,
Apply_296,,Historic,App_786,246,Permit Awarded,San Ignacio,,,,,,,,,
Apply_297,,Historic,App_790,257,Permit Awarded,San Ignacio,,,,,,,,,
Apply_298,,Historic,App_793,216,Permit Awarded,San Ignacio,,,,,,,,,
Apply_299,,Historic,App_795,236,Permit Awarded,San Ignacio,,,,,,,,,
Apply_300,,Historic,App_796,304,Permit Awarded,Belmopan,,,,,,,,,
Apply_301,CZL 109,Historic,App_800,,,,2016-09-27,,,,,,,,
Apply_302,,Call,App_801,,,,,,,,,,,Fd were visiting homes & they registered & banded bird at his house. It was a professional interaction. He helped in locating other parrot owners.,
Apply_303,,Call,App_802,387,Permit Awarded,Belmopan,,,,,,,,Good,
Apply_305,,Call,App_807,,,,,,false,,,,,,
Apply_306,,Historic,App_809,287,Permit Awarded,Belmopan,,,,,,,,,
Apply_307,,Call,App_810,,,,,,false,,,,,,
Apply_309,CZL 93,Call,App_815,,,,2016-03-06,,false,,,,,,
Apply_310,,Call,App_818,,Permit Awarded,,,,,,,,,Husband went and filled out applicantion,
Apply_311,CZL 141,Historic,App_819,,,,2016-10-25,,,,,,,,
Apply_312,BMP 52,Historic,App_820,,,,2014-12-19,,,,,,,,
Apply_313,,Call,App_824,,,,,,false,,,,,,
Apply_314,CZL 110,Historic,App_826,,,,2016-09-27,,,,,,,,
Apply_316,,Historic,App_828,,,,2017-07-20,false,,,,,,,
Apply_317,CZL 58,Call,App_829,,,,,,false,,,,,,
Apply_318,,Historic,App_833,224,Permit Awarded,San Ignacio,,,,,,,,,
Apply_319,,Call,App_834,,,,,,,,,,,Did not recieve a band for the parrot.,
Apply_320,,Historic,App_839,298,Permit Awarded,Belmopan,,,,,,,,,
Apply_321,CZL 42,Historic,App_840,,,,,,,,,,,,
Apply_322,CZL 132,Historic,App_842,,,,2016-10-12,,,,,,,,
Apply_323,CZL 60,Historic,App_844,,,,,,,,,,,,
Apply_324,,Historic,App_849,377,,Orange Walk,,,,,,,,,
Apply_325,,Historic,App_849,377,,Orange Walk,,,,,,,,,
Apply_326,,Call,App_851,,,,,,false,,,,,,
Apply_327,,Call,App_852,,,,,,,,,,,"Did it online, was great",
Apply_328,BMP 21,Call,App_854,,,,2014-12-29,,false,,,,,,
Apply_329,CZL 152*,Historic,App_1584,,,,2017-01-20,,,,,,,,Unsure if 1 or 2 applications for App_1584
Apply_330,,Call,App_858,,Permit Awarded,,,,,,,,,Good,
Apply_331,,Call,App_860,,,,,,false,,,,,,
Apply_332,,Historic,App_869,238,Permit Awarded,San Ignacio,,,,,,,,,
Apply_333,CZL 91,Historic,App_871,,,,2016-03-01,,,,,,,,
Apply_334,,Historic,App_873,281,Permit Awarded,San Ignacio,,,,,,,,,
Apply_335,CZL 82,Historic,App_875,,,,,,,,,,,,
Apply_336,,Historic,App_878,233,Permit Awarded,San Ignacio,,,,,,,,,
Apply_337,CZL 125,Historic,App_881,,,,2016-10-17,,,,,,,,
Apply_338,CZL 145,Historic,App_885,,,,2016-10-28,,,,,,,,
Apply_339,,Call,App_891,277,Permit Awarded,San Ignacio,,,,,,,,U,
Apply_340,,Call,App_892,,,,,,false,,,,,,
Apply_341,,Historic,App_894,79,Permit Awarded,San Ignacio,,,,,,,,,
Apply_342,CZL 156*,Historic,App_897,336,Permit Awarded,Orange Walk,2017-07-19,true,,,,,,,
Apply_343,,Call,App_899,,,,,,,,,,,Good,
Apply_344,BMP 36,Historic,App_901,,,,,,,,,,,,
Apply_345,CZL 130,Historic,App_904,,,,2016-10-18,,,,,,,,
Apply_346,,Historic,App_909,83,Permit Awarded,San Ignacio,,,,,,,,,
Apply_347,,Historic,App_913,354,Permit Awarded,Orange Walk,,,,,,,,,
Apply_348,,Call,App_914,,,,,,false,,,,,,
Apply_349,,Call,App_918,,,,,,,,,,,Good but didn't get bird banded,
Apply_350,,Call,App_919,,,,,,,,,,,Didn't get a response so doesn't have much to say,
Apply_351,,Call,App_920,,,,,,false,,,,,"The applicant contacted FD twice but was only told, ""application still in process"".",
Apply_352,CZL 51,Historic,App_921,,,,,,,,,,,,
Apply_353,,Call,App_924,,Permit Awarded,,,,,,,,,Good,
Apply_354,,Call,App_924,,Permit Awarded,,,,,,,,,Good,
Apply_355,CZL 118,Historic,App_925,,,,2016-09-29,,,,,,,,
Apply_356,,Historic,App_933,332,Permit Awarded,Orange Walk,,,,,,,,"An officer broke Birdie's leg while placing a band. The band was not removed until the applicant got in touch with the main office and demanded the band to be removed due to the extreme swelling it caused. The bird's leg turned black and the applicant had to seek assistance in San Igancio. It was a big expensive and she also had to travel. The bird currently does not have a band and Mrs. Reimer expressed that she does not want another band & FD was okay with it. Thankfully, Birdie's leg  recovered well. ",
Apply_359,CZL 25,Historic,App_943,,,,2015-03-26,,,,,,,,
Apply_360,,Call,App_945,,,,,,false,,,,,Applied at Cayo and was told to apply at Corozal since she was moving but didn't find any place there so will try to come back to Cayo and continue with the process.,
Apply_361,,Call,App_947,,,,,,false,,,,,,
Apply_362,CZL 1,Historic,App_954,,,,2014-16-04,,,,,,,,
Apply_363,CZL 54,Historic,App_956,,,,,,,,,,,,
Apply_364,BMP 78,Historic,App_957,,,,2014-12-31,,,,,,,,
Apply_365,CZL 2,Historic,App_960,,,,2014-18-06,,,,,,,,
Apply_366,,Historic,App_962,219,Permit Awarded,San Ignacio,,,,,,,,,
Apply_367,,Call,App_965,,,,,,,,,,,Good-they were friendly,
Apply_368,CZL 124,Historic,App_966,,,,2016-10-14,,,,,,,,
Apply_369,CZL 23,Call,App_968,,Permit Awarded,,,,,,,,,Good-they were friendly and banded the bird.,
Apply_370,CZL 87,Historic,App_969,,,,,,,,,,,,
Apply_371,,Historic,App_970,273,Permit Awarded,San Ignacio,,,,,,,,,
Apply_372,,Historic,App_971,75,Permit Awarded,Belmopan,,,,,,,,,
Apply_373,,Historic,App_980,258,Permit Awarded,San Ignacio,,,,,,,,,
Apply_374,CZL 148*,Historic,App_985,,,,2016-11-03,,,,,,,,
Apply_375,CZL 147,Historic,App_986,,,,2016-10-31,,,,,,,,
Apply_376,,Call,App_988,,,,,,,,,,,Good,
Apply_377,,Historic,App_990,275,Permit Awarded,San Ignacio,,,,,,,,,
Apply_378,,Call,App_991,,,,,,,,,,,"Went to belmopan and applied. A lady and 2 men inspected home and said they would return after two months because he needed a bigger cage, however, he never heard from them again.",
Apply_379,BMP 40,Historic,App_1002,,,,2014-04-11,,,,,,,,
Apply_380,,Historic,App_1005,339,Permit Awarded,Orange Walk,,,,,,,,,
Apply_381,,Call,App_1008,,Permit Awarded,,,,,,,,,Late Husband applied.,
Apply_382,,Historic,App_1010,239,Permit Awarded,San Ignacio,,,,,,,,,
Apply_383,CZL 88,Historic,App_1014,,,,,,,,,,,,
Apply_384,,Call,App_1018,,,,,,,,,,,Straightforward,
Apply_385,,Historic,App_1019,356,Permit Awarded,Orange Walk,,,,,,,,,
Apply_386,CZL 47,Historic,App_1021,,,,,,,,,,,,
Apply_389,,Historic,App_1028,272,Permit Awarded,San Ignacio,,,,,,,,,
Apply_391,,Call,App_1034,138,Permit Awarded,Orange Walk,,,,,,,,,Hasn't submiteed an application for the two new birds but plans to do so soon.
Apply_392,CZL 69,Historic,App_1035,,,,,,,,,,,,
Apply_393,,Call,App_1036,,,,,,,,,,,Good,
Apply_395,,Call,App_1041,,,,,,false,,,,,Wife applied and didn't have a follow-up,
Apply_396,CZL 10,Historic,App_1047,,,,,,,,,,,,
Apply_397,,Historic,App_1048,296,Permit Awarded,Belmopan,,,,,,,,,
Apply_398,CZL 139,Historic,App_1061,,,,2016-10-25,,,,,,,,
Apply_399,,Call,App_1062,265,Permit Awarded,San Ignacio,,,,,,,,Straightforward,
Apply_400,,Historic,App_1063,333,Permit Awarded,Orange Walk,,,,,,,,,
Apply_401,,Call,App_1071,,,,,,,,,,,He previously worked at FD as a mechanic and he obtained the permit and band number for his bird.,
Apply_402,CZL 75,Historic,App_1073,,,,,,,,,,,,
Apply_403,CZL 15,Historic,App_1076,,,,2014-04-29,,,,,,,,
Apply_404,,Call,App_1079,,,,,,false,,,,,,
Apply_405,,Historic,App_1082,255,Permit Awarded,San Ignacio,,,,,,,,,
Apply_406,CZL 3,Historic,App_1086,,,,2014-06-04,,,,,,,,
Apply_407,,Historic,App_1088,262,Permit Awarded,San Ignacio,,,,,,,,,
Apply_408,CZL 5,Historic,App_1089,,,,2014-07-08,,,,,,,,
Apply_409,CZL 129,Historic,App_1090,,,,2016-10-18,,,,,,,,
Apply_410,,Call,App_1092,,,,,,,,,,,"Home was inspected twice, she obtained a permit but did not get birds banded.",
Apply_411,,Call,App_1093,,Permit Awarded,,,,,,,,,Straightforward,
Apply_412,,Historic,App_1096,231,Permit Awarded,San Ignacio,,,,,,,,,
Apply_413,CZL 84,Historic,App_1102,,,,,,,,,,,,
Apply_414,BMP 42,Historic,App_1105,,,,2015-04-21,,,,,,,,
Apply_415,,Historic,App_1106,282,Permit Awarded,San Ignacio,,,,,,,,,
Apply_416,,Historic,App_1112,271,Permit Awarded,San Ignacio,,,,,,,,,
Apply_417,CZL 27,Historic,App_1113,,,,2014-08-14,,,,,,,,
Apply_418,,Call,App_1114,,,,,,false,,,,,Terrible-never heard back,
Apply_419,,Historic,App_1119,,,,2014-08-18,true,,,,,,,
Apply_420,,Historic,App_1121,291,Permit Awarded,Belmopan,,,,,,,,,
Apply_421,,Call,App_1122,260,Permit Awarded,San Ignacio,,,,,,,,Good,
Apply_422,,Call,App_1123,,,,,,false,,,,,,
Apply_423,,Historic,App_1124,109,Permit Awarded,San Ignacio,,,,,,,,,
Apply_424,,Historic,App_1125,228,Permit Awarded,San Ignacio,,,,,,,,,
Apply_425,,Historic,App_1126,81,Permit Awarded,San Ignacio,,,,,,,,,
Apply_426,CZL 21,Historic,App_1127,,,,2014-08-19,,,,,,,,
Apply_427,,Historic,App_1128,222,Permit Awarded,San Ignacio,,,,,,,,,
Apply_428,,Call,App_1133,,,,,,,,,,,"Forestry staff inspected home, banded bird and said it was very healthy. They explained to her how to take care of the bird.",
Apply_429,,Historic,App_1136,106,Permit Awarded,San Ignacio,,,,,,,,,
Apply_430,CZL 29,Historic,App_1139,,,,2014-06-21,,,,,,,,
Apply_431,,Call,App_1142,,Permit Awarded,,,,,,,,,Bird was registered at her home. She was not present when it happened.,
Apply_432,,Historic,App_1143,278,Permit Awarded,San Ignacio,,,,,,,,,
Apply_434,CZL 45,Historic,App_1149,,,,,,,,,,,,
Apply_435,CZL 86,Historic,App_1150,,,,,,,,,,,,
Apply_437,,Call,App_1158,135,Permit Awarded,Orange Walk,,,,,,,,FD expected home. It was a satisfactory experience.,
Apply_438,,Historic,App_1159,237,Permit Awarded,San Ignacio,,,,,,,,,
Apply_439,CZL 28,Historic,App_1163,,,,2014-07-07,,,,,,,,
Apply_440,CZL 106,Historic,App_1163,,,,2016-09-26,,,,,,,,
Apply_441,CZL 64,Historic,App_1164,,,,,,,,,,,,
Apply_442,CZL 96,Historic,App_1165,,,,2016-06-30,,,,,,,,
Apply_443,CZL 80,Historic,App_1169,,,,,,,,,,,,
Apply_444,CZL 37,Call,App_1171,,,,,,false,,,,,,
Apply_445,,Call,App_1177,,,,,,,,,,,Miss Tun's sister applied on her behalf bc she was also going to register her parrot.,
Apply_446,,Call,App_1179,,,,,,false,"Fd inspected home and said they would get back to him and provide him with a permit and a band for the bird, but never did.",,,,,
Apply_448,BMP 43,Historic,App_1183,,,,2014-04-12,,,,,,,,
Apply_449,,Historic,App_1192,252,Permit Awarded,San Ignacio,,,,,,,,,
Apply_450,,Historic,App_1195,292,Permit Awarded,Belmopan,,,,,,,,,
Apply_451,,Call,App_1197,,,,,,,,,,,It was an easy process.,
Apply_453,,Call,App_1201,,Permit Awarded,,,,,,,,,No complaints,
Apply_454,CZL 61,Historic,App_1202,,,,,,,,,,,,
Apply_455,,Historic,App_1210,343,Permit Awarded,Orange Walk,,,,,,,,,
Apply_456,,Historic,App_1213,100,Permit Awarded,San Ignacio,,,,,,,,,
Apply_457,,Historic,App_1214,234,Permit Awarded,San Ignacio,,,,,,,,,
Apply_458,,Call,App_1215,,,,,,,,,,,Doesn't remember,
Apply_459,,Historic,App_1216,267,Permit Awarded,San Ignacio,,,,,,,,,
Apply_460,,Historic,App_1218,102,Permit Awarded,San Ignacio,,,,,,,,,
Apply_461,CZL 136,Historic,App_1224,,,,2016-10-24,,,,,,,,
Apply_462,,Historic,App_1227,225,Permit Awarded,San Ignacio,,,,,,,,,
Apply_463,,Call,App_1236,,,,,,,,,,,Good,
Apply_464,,Call,App_1239,,,,,,false,,,,,,
Apply_465,CZL 12,Historic,App_1241,,,,2015-01-01,,,,,,,,
Apply_466,BMP 34,Historic,App_1244,,,,,,,,,,,,
Apply_467,CZL 59,Historic,App_1245,,,,,,,,,,,,
Apply_468,,Historic,App_1246,214,Permit Awarded,San Ignacio,,,,,,,,,
Apply_469,,Call,App_1250,,,,,,false,,,,,Easy,
Apply_470,CZL 18,Historic,App_1256,,,,2015-03-26,,,,,,,,
Apply_471,,Historic,App_1257,280,Permit Awarded,San Ignacio,,,,,,,,,
Apply_472,,Historic,App_1261,259,Permit Awarded,San Ignacio,,,,,,,,,
Apply_475,BMP 44,Historic,App_1273,,,,2014-09-12,,,,,,,,
Apply_477,,Historic,App_1282,256,Permit Awarded,San Ignacio,,,,,,,,,
Apply_478,,Historic,App_1283,92,Permit Awarded,Orange Walk,,,,,,,,,
Apply_479,,Historic,App_1283,92,Permit Awarded,Orange Walk,,,,,,,,,
Apply_480,,Historic,App_1284,110,Permit Awarded,Savannah,,,,,,,,Good,
Apply_481,,Historic,App_1285,111,Permit Awarded,Savannah,,,,,,,,,
Apply_482,,Historic,App_1286,113,Permit Awarded,Savannah,,,,,,,,,
Apply_483,,Historic,App_1287,114,Permit Awarded,Savannah,,,,,,,,,
Apply_484,,Historic,App_1288,115,Permit Awarded,Savannah,,,,,,,,,
Apply_485,,Historic,App_1289,116,Permit Awarded,Savannah,,,,,,,,,
Apply_486,,Historic,App_1289,116,Permit Awarded,Savannah,,,,,,,,,
Apply_487,,Historic,App_1290,117,Permit Awarded,Savannah,,,,,,,,,
Apply_488,,Historic,App_1291,118,Permit Awarded,Savannah,,,,,,,,Rate them 9.5 out of 10,
Apply_489,,Historic,App_1292,119,Permit Awarded,Savannah,,,,,,,,,
Apply_490,,Historic,App_1293,120,Permit Awarded,Savannah,,,,,,,,,
Apply_491,,Historic,App_1294,121,Permit Awarded,Savannah,,,,,,,,,
Apply_492,,Historic,App_1295,122,Permit Awarded,Savannah,,,,,,,,,
Apply_493,,Historic,App_1296,123,Permit Awarded,Savannah,,,,,,,,Very well,
Apply_495,,Historic,App_1298,125,Permit Awarded,Savannah,,,,,,,,,
Apply_496,,Historic,App_1299,126,Permit Awarded,Savannah,,,,,,,,,
Apply_497,,Historic,App_1300,127,Permit Awarded,Savannah,,,,,,,,,
Apply_498,,Historic,App_1301,128,Permit Awarded,Savannah,,,,,,,,,
Apply_499,,Historic,App_1302,133,Permit Awarded,Orange Walk,,,,,,,,,
Apply_502,,Historic,App_1305,124,Permit Awarded,Savannah,,,,,,,,,
Apply_503,,Historic,App_1298,125,Permit Awarded,Savannah,,,,,,,,,
Apply_504,,Historic,App_1307,188,Permit Awarded,San Ignacio,,,,,,,,,
Apply_505,,Historic,App_1308,201,Permit Awarded,San Ignacio,,,,,,,,,
Apply_506,,Historic,App_1309,229,Permit Awarded,San Ignacio,,,,,,,,,
Apply_507,,Historic,App_1310,235,Permit Awarded,San Ignacio,,,,,,,,,
Apply_509,,Historic,App_1313,305,Permit Awarded,Belmopan,,,,,,,,,
Apply_510,,Historic,App_1314,306,Permit Awarded,Belmopan,,,,,,,,,
Apply_511,,Historic,App_1315,307,Permit Awarded,Belmopan,,,,,,,,,
Apply_512,,Historic,App_1315,307,Permit Awarded,Belmopan,,,,,,,,,
Apply_513,,Call,App_1316,309,Permit Awarded,Belmopan,,,,,,,,Fd inspected home and advised to have the parrot on a fruit and vegatbles diet.,
Apply_514,,Historic,App_1317,310,Permit Awarded,Belmopan,,,,,,,,,
Apply_515,,Historic,App_1318,311,Permit Awarded,Belmopan,,,,,,,,,
Apply_516,BZ 95*,Historic,App_1319,312,Permit Awarded,Belmopan,2018-04-09,true,true,Approved,false,,,,
Apply_517,,Historic,App_1320,313,Permit Awarded,Belmopan,,,,,,,,,
Apply_518,BMP 144,Historic,App_1321,315,Permit Awarded,Belmopan,2018-04-17,true,true,Approved after 3rd submission; no site visit conducted,true,,,,
Apply_519,BMP 146*,Historic,App_1322,316,Permit Awarded,Belmopan,2018-04-19,true,true,Approved,,,,,
Apply_520,BMP 147*,Historic,App_1323,317,Permit Awarded,Belmopan,2018-01-08,true,true,Approved,false,,,,
Apply_521,,Historic,App_1324,319,Permit Awarded,Belmopan,,,,,,,,,
Apply_522,,Historic,App_1325,320,Permit Awarded,Belmopan,,,,,,,,,
Apply_523,,Call,App_1326,322,Permit Awarded,Belmopan,,,,,,,,"After she found the bird and nurtured it for a while, she went to forestry and asked them if she could keep it and if not, they could take it. However, forestry saw how well taken care of the bird was, and after a couple inspections, the bird was banded and a permit was given to applicant.",
Apply_524,BMP 110,Historic,App_1327,323,Permit Awarded,Belmopan,2016-10-31,,,,,,,,
Apply_525,BMP 154*,Call,App_1328,324,Permit Awarded,Belmopan,2019-01-24,,,,,,,FD approached home and asked if they had a parrot. The bird was registered there.,
Apply_526,,Historic,App_1329,325,Permit Awarded,Belmopan,,,,,,,,,
Apply_527,,Historic,App_1330,326,Permit Awarded,Belmopan,,,,,,,,,
Apply_528,,Historic,App_1331,327,Permit Awarded,Belmopan,,,,,,,,,
Apply_529,,Historic,App_1332,328,Permit Awarded,Belmopan,,,,,,,,,
Apply_530,,Historic,App_1333,342,Permit Awarded,Orange Walk,,,,,,,,,
Apply_531,,Historic,App_1334,344,Permit Awarded,Orange Walk,,,,,,,,,
Apply_532,,Historic,App_1335,350,Permit Awarded,Orange Walk,,,,,,,,,
Apply_533,,Historic,App_1336,352,Permit Awarded,Orange Walk,,,,,,,,,
Apply_534,,Historic,App_1336,352,,Orange Walk,,,,,,,,,
Apply_536,,Historic,App_1338,358,Permit Awarded,Orange Walk,,,,,,,,,
Apply_537,,Historic,App_1339,361,Permit Awarded,Orange Walk,,,,,,,,,
Apply_538,,Historic,App_1341,366,Permit Awarded,Orange Walk,,,,,,,,,
Apply_539,,Historic,App_1342,367,Permit Awarded,Orange Walk,2020-05-29,true,,,false,,,,
Apply_540,,Historic,App_1343,368,Permit Awarded,Orange Walk,,,,,,,,,
Apply_541,,Historic,App_1344,369,Permit Awarded,Orange Walk,,,,,,,,,
Apply_542,,Historic,App_1345,370,Permit Awarded,Belmopan,,,,,,,,,
Apply_543,,Historic,App_1346,371,Permit Awarded,Belmopan,,,,,,,,,
Apply_544,,Historic,App_1347,372,Permit Awarded,Belmopan,,,,,,,,,
Apply_545,,Historic,App_1348,373,Permit Awarded,Belmopan,,,,,,,,,
Apply_546,,Historic,App_1348,373,,Belmopan,,,,,,,,,
Apply_547,,Historic,App_1348,373,,Belmopan,,,,,,,,,
Apply_548,,Historic,App_1349,376,Permit Awarded,Belmopan,,,,,,,,,
Apply_549,,Historic,App_1350,380,Permit Awarded,Belmopan,,,,,,,,,
Apply_550,,Call,App_1351,382,Permit Awarded,Belmopan,,,,,,,,Good and easy,
Apply_551,,Historic,App_1354,383,Permit Awarded,Belmopan,2022-10-26,,,,,,,,
Apply_552,,Historic,App_1353,384,Permit Awarded,Orange Walk,2023-09-30,,,,,,,,
Apply_553,,Historic,App_1354,383,Permit Awarded,Belmopan,2022-10-26,,,,,,,,
Apply_554,,Historic,App_1355,386,Permit Awarded,Savannah,,,,,,,,,
Apply_555,,Historic,App_1356,389,Permit Awarded,Orange Walk,,,,,,,,,
Apply_556,,Historic,App_1357,390,Permit Awarded,Belmopan,,,,,,,,,
Apply_557,,Historic,App_1358,391,Permit Awarded,Orange Walk,,,,,,,,,
Apply_558,,Historic,App_1359,392,Permit Awarded,Belmopan,,,,,,,,,
Apply_559,,Historic,App_1360,393,Permit Awarded,Orange Walk,,,,,,,,,
Apply_560,,Call,App_1361,394,Permit Awarded,Belmopan,,,,,,,,Good,
Apply_561,,Historic,App_1362,321,Permit Awarded,Belmopan,,,,,,,,,
Apply_562,,Historic,App_1366,,Permit Awarded,,2014-10-14,true,,,,,,,
Apply_563,,Historic,App_1389,,Permit Awarded,,2014-12-31,true,,,,,,,
Apply_564,,Historic,App_1399,,Permit Awarded,,,false,,,,,,,
Apply_565,,Call,App_1438,,Permit Awarded,,,,,,,,,U,It was the applicant's dad who applied.
Apply_566,,Call,App_1443,,Permit Awarded,,,,,,,,,Wonderful,
Apply_567,,Historic,App_1447,99,Permit Awarded,Orange Walk,,,,,,,,,
Apply_570,BMP 137*,Historic,App_1463,,,,2017-06-09,,,,,,,,
Apply_571,BMP 45,Historic,App_1464,,,,,,,,,,,,
Apply_572,,Historic,App_1465,,,,2019-07-06,,,,,,,,
Apply_573,BMP 160*,Historic,App_1466,,,,2019-08-19,,,,,,,,
Apply_574,BMP 158*,Call,App_1467,,,,2019-05-10,,false,,,,,,
Apply_575,BMP 157*,Historic,App_1468,,,,2019-05-10,,,,,,,,
Apply_576,BMP 13,Historic,App_1469,,,,2016-10-26,,,,,,,,
Apply_577,BMP 19,Historic,App_1470,,,,2017-06-30,,,,,,,,
Apply_578,BMP 18,Historic,App_1471,,,,2014-12-30,,,,,,,,
Apply_579,BMP 17,Historic,App_1472,,,,2015-08-08,,,,,,,,
Apply_580,BMP 16,Historic,App_1473,,,,2015-08-08,,,,,,,,
Apply_581,BMP 15,Historic,App_1474,,,,2016-10-21,,,,,,,,
Apply_582,BMP 14,Historic,App_1475,,,,2016-10-24,,,,,,,,
Apply_583,BMP 12,Historic,App_1476,,,,2016-10-20,,,,,,,,
Apply_584,BMP 6,Historic,App_1477,,,,2016-03-16,,,,,,,,
Apply_585,BMP 11,Call,App_1478,,,,2016-10-17,,false,,,,,Submission was made online.,
Apply_586,BMP 10,Historic,App_1479,,,,2016-10-18,,,,,,,,
Apply_587,BMP 9,Historic,App_1480,,,,2016-10-30,,,,,,,,
Apply_588,BMP 8,Historic,App_1481,,,,,,,,,,,,
Apply_589,BMP 7,Historic,App_1482,,,,2016-08-26,,,,,,,,
Apply_590,BMP 5,Historic,App_1483,,,,2016-05-03,,,,,,,,
Apply_591,BMP 4,Call,App_1484,,,,2016-02-01,,false,,,,,,
Apply_592,BMP 3,Historic,App_1485,,,,,,,,,,,,
Apply_593,BMP 2,Historic,App_1486,,,,2016-09-01,,,,,,,,
Apply_594,BMP 156*,Historic,App_1487,,,,2019-02-21,,,,,,,,
Apply_595,BMP 113,Historic,App_1488,,,,2018-04-18,,,,,,,,
Apply_596,,Call,App_1493,,,,,,,,,,,A lady from FD  inspected his home,
Apply_597,Bmp 94,Historic,App_1507,,,,2016-10-11,,,,,,,,
Apply_598,Bmp 138,Historic,App_1508,,,,2017-05-30,,,,,,,,
Apply_599,Bmp 143,Historic,App_1509,,,,,,,,,,,,
Apply_600,Bmp 113,Historic,App_1510,,,,2016-10-22,,,,,,,,
Apply_601,BMP 153*,Call,App_1511,,,,2019-01-25,,false,,,,,,
Apply_602,BMP 152*,Historic,App_1512,,,,2019-01-25,,,,,,,,
Apply_603,Bmp 55,Call,App_1513,,,,2016-10-24,,false,,,,,,
Apply_604,CZL 83,Historic,App_1514,,,,,,,,,,,,
Apply_605,CZL 84,Historic,App_1514,,,,,,,,,,,,
Apply_606,CZL 140,Historic,App_1514,,,,2016-10-25,,,,,,,,
Apply_607,BMP 135,Historic,App_1514,,,,2017-04-25,,,,,,,,
Apply_608,BMP 77,Historic,App_1515,,,,2015-06-11,,,,,,,,
Apply_609,BMP 82,Historic,App_1516,,,,2016-10-24,,,,,,,,
Apply_610,BMP 83,Historic,App_1517,,,,,,,,,,,,
Apply_611,BMP 63,Historic,App_1518,,,,2016-11-15,,,,,,,,
Apply_612,BMP 57,Historic,App_1519,,,,2015-05-28,,,,,,,,
Apply_613,BMP 136,Historic,App_1520,,,,2017.0,,,,,,,,
Apply_614,,Call,App_1522,,Permit Awarded,,,,,,,,,"Terrible-Fd took away 2 quash that were like his kids, also they took away monkeys & crocodiles. He had them for about 9 years",
Apply_615,,Call,App_1523,,Permit Awarded,,,,,,,,,Good,
Apply_616,,Call,App_1525,,,,,,,,,,,Applicant was told she would receive bands but did not,"Has 'preconditions for issuance of CWP' #502, in 2020"
Apply_618,,Call,App_1527,,,,,,false,,,,,,"Has 'preconditions for issuance of CWP' #503, in 2020"
Apply_620,,Call,App_1529,,,,2024-04-11,true,false,,false,,,,
Apply_621,,Call,App_1530,,,,2024-05-13,true,false,,false,,,,
Apply_622,,Call,App_1531,,,,2024-06-05,true,false,,false,,,,
Apply_623,,Call,App_1532,,,,2024-04-25,true,false,,false,,,,
Apply_624,,Historic,App_1533,,,,2023-05-22,true,,,true,,,,
Apply_625,,Historic,App_1534,,,,2023-10-04,true,,,true,,,,
Apply_626,,Call,App_1535,,,,2023-10-06,true,true,A home inspection was done. He was told he would receive a permit and bands soon but did not hear from FD again.,false,,,Not good. Officers are biased and do not treat everyone equally.,
Apply_627,,Historic,App_1536,,,,2023-11-14,true,,,false,,,,
Apply_628,,Historic,App_1537,,,,2022-03-21,true,,,false,,,,
Apply_629,,Historic,App_1538,,,,2022-03-24,true,,,false,,,,
Apply_630,,Historic,App_1539,,,,2022-06-16,true,,,false,,,,
Apply_631,,Historic,App_1540,,,,2022-08-03,true,,,false,,,,
Apply_632,,Historic,App_1541,,,,2022-04-14,true,,,false,,,,
Apply_633,,Historic,App_1542,,,,2022-06-30,true,,,false,,,,
Apply_634,,Historic,App_1543,,,,2021-08-03,true,,,,,,,
Apply_635,,Historic,App_1544,,,,2021-10-08,true,,,false,,,,
Apply_636,,Historic,App_1545,,,,2024-08-06,true,,,false,,,,
Apply_637,,Historic,App_1546,,,,2021-05-28,true,,,false,,,,
Apply_638,,Historic,App_1547,,,,2020-06-05,true,,,false,,,,
Apply_640,,Historic,App_1549,,,,2020-07-14,true,,,,,,,
Apply_641,,Historic,App_1550,,,,,false,,,,,,,
Apply_642,,Historic,App_1551,,,,,false,,,false,,,,
Apply_643,,Historic,App_1552,,,,2021-12-20,true,,,false,,,,
Apply_644,,Historic,App_1553,,,,2021-04-27,true,,,true,,true,,
Apply_645,,Historic,App_1554,,,,2020-07-15,true,,,false,,,,
Apply_646,,Historic,App_1555,,,,2020-07-15,true,,,false,,,,
Apply_647,,Historic,App_1556,,,,2020-02-03,true,,,false,,,,
Apply_648,,Historic,App_1557,,,,2020-07-31,true,,,false,,,,
Apply_649,,Historic,App_1558,,,,2017-07-27,true,,,false,,,,
Apply_650,,Historic,App_1559,,,,2016-06-17,true,,,false,,,,
Apply_652,,Historic,App_1561,,,,2020-05-28,true,,,false,,,,
Apply_654,,Historic,App_1563,134,Permit Awarded,Orange Walk,,true,,,false,,,,
Apply_655,,Historic,App_1564,,Permit Awarded,,,true,,,false,,,,
Apply_656,,Historic,App_1565,,,,2018-05-15,true,,,false,,,,
Apply_657,,Historic,App_1566,,,,2018-01-09,true,,,false,,,,
Apply_658,,Historic,App_1567,353,Permit Awarded,Orange Walk,2019-10-04,true,,,false,,,,
Apply_659,,Historic,App_1568,,,,2016-10-28,true,,,false,,,,
Apply_660,,Historic,App_1569,355,Permit Awarded,Orange Walk,2016-10-28,true,,,false,,,,
Apply_662,,Historic,App_1571,,,,2017-11-10,false,,,false,,,,
Apply_663,,Historic,App_1572,,,,2017-07-18,true,,,false,,,,
Apply_664,,Historic,App_1573,,,,2017-07-20,true,,,false,,,,
Apply_665,,Historic,App_1574,,,,2017-07-20,true,,,false,,,,
Apply_666,,Historic,App_1575,,,,2017-07-20,true,,,false,,,,
Apply_667,,Historic,App_1576,,,,2017-07-20,true,,,false,,,,
Apply_668,,Historic,App_1577,,,,2017-07-20,true,,,false,,,,
Apply_670,,Historic,App_1579,,,,2017-07-20,false,,,false,,,,
Apply_671,,Historic,App_1580,,,,2017-01-25,true,,,false,,,,
Apply_672,CZL 155*,Historic,App_1581,,,,2017-07-13,true,,,false,,,,
Apply_673,,Historic,App_1582,,,,2017-09-08,true,,,false,,,,
Apply_674,,Historic,App_1583,,,,2017-04-06,true,,,true,2016.0,true,,
Apply_675,,Historic,App_1584,,,,2017-02-20,true,,,,,,,Unsure if 1 or 2 applications for App_1584
Apply_676,,Historic,App_1585,,,,2017-08-08,true,,,,,,,
Apply_677,,Historic,App_1586,,,,2017-31-07,true,,,false,,,,
Apply_678,,Call,App_1587,,,,2017-07-25,true,false,,,,,,
Apply_679,,Historic,App_1588,,,,2017-03-13,true,,,false,,,,
Apply_680,,Historic,App_1589,,,,2017-10-06,true,,,false,,,,
Apply_682,,Historic,App_1591,,,,2017-10-04,true,,,false,,,,
Apply_684,,Historic,App_1593,,,,2017-09-06,true,,,false,,,,
Apply_685,,Historic,App_1594,,,,2017-11-01,true,,,false,,,,
Apply_687,,Historic,App_1597,,,,2018-01-09,true,,,false,,,,
Apply_688,,Historic,App_1598,,,,2018-08-02,false,,,false,,,,
Apply_689,,Historic,App_1599,,,,2018-08-28,true,,,false,,,,
Apply_690,,Historic,App_1600,,,,2018-05-29,true,,,false,,,,
Apply_691,,Historic,App_1601,,,,2018-02-02,true,,,false,,,,
Apply_692,,Call,App_1602,,,,2018-10-03,true,true,"FD did a home inspection, gave pre-conditions and said they would return but did not",false,,,,
Apply_693,,Historic,App_1603,,,,2018-05-09,true,,,false,,,,
Apply_694,,Historic,App_1604,,,,2018-04-09,true,,,false,,,,
Apply_695,,Call,App_1606,,,,2019-07-23,true,true,"Home was inspected and since they saw the parrot was free, Fd told her everything was fine and did not need any permit.",false,,,,
Apply_696,,Historic,App_1607,,,,2019-09-05,true,,,false,,,,
Apply_697,,Historic,App_1608,,,,2019-07-23,true,,,false,,,,
Apply_699,,Historic,App_1610,,,,2020-05-29,true,,,,,,,
Apply_700,,Historic,App_1611,,,,2020-05-29,true,,,false,,,,
Apply_701,,Historic,App_1612,364,,Orange Walk,2020-06-03,true,,,false,,,,
Apply_702,,Historic,App_1613,,,,2020-01-31,true,,,false,,,,
Apply_703,,Historic,App_1614,,,,,false,,,false,,,,
Apply_704,,Historic,App_1617,,,,,false,,,,,,,
Apply_705,,Historic,App_1618,,,,U,true,,,false,,,,
Apply_706,,Historic,App_1619,,,,,false,,,false,,,,
Apply_708,,Historic,App_1621,,,,U,true,,,false,,,,
Apply_709,,Historic,App_1636,,,,,true,,,,,,,
Apply_710,,Historic,App_1637,,,,,true,,,true,,false,,
Apply_711,,Historic,App_1638,,,,,true,,,,,,,
Apply_712,,Historic,App_1639,,,,,true,,,,,,,
Apply_713,,Call,App_1640,,Permit Awarded,,,,,,,,,Went well. The parrot was gifted with consent of FD and was also given a band but no permit.,
Apply_714,,Call,App_1641,,,,,,,,,,,Good,
Apply_715,,Historic,App_1643,,,,2017-02-07,true,,,,,,,
Apply_716,BZ 94,Historic,App_1644,,,,2017-11-14,true,true,Approved after probation,true,,,,
Apply_717,BMP 65,Historic,App_1645,,,,2016-11-28,true,true,Closed,false,,,,
Apply_718,BMP 142*,Historic,App_1646,,,,2018-02-13,true,true,Closed,false,,,,
Apply_720,BMP 68,Historic,App_1648,,,,2016-10-19,true,true,Closed,false,,,,
Apply_721,BMP 71,Historic,App_1649,,,,2016-08-19,true,true,Closed,false,,,,
Apply_722,BMP 69,Historic,App_1650,,,,2016-10-25,true,true,Closed,false,,,,
Apply_724,BMP 67,Historic,App_1652,,,,2016-10-18,true,true,Closed,,,,,
Apply_725,BMP 78,Historic,App_1653,,,,2016-12-16,true,true,Closed,false,,,,
Apply_726,BMP 59,Historic,App_1654,,,,2015-01-06,true,true,Closed,false,,,,
Apply_729,BMP 62,Historic,App_1657,,,,2016-10-04,false,true,Closed,,,,,
Apply_730,BMP 143,Historic,App_1658,,,,2018-03-19,true,true,Closed,false,,,,
Apply_731,BMP 93,Historic,App_1659,,,,2017-01-06,true,true,Closed,false,,,,
Apply_733,,Call,App_1368,,Permit Awarded,,,,,,,,,Very well,
Apply_734,,Call,App_1373,,Permit Awarded,,,,,,,,,Good,
Apply_735,,Call,App_1379,,Permit Awarded,,,,,,,,,Good,
Apply_736,,Call,App_1405,,Permit Awarded,,,,,,,,,Good,
Apply_737,,Call,App_1393,,Permit Awarded,,,,,,,,,Obtained permit and band for the bird,
Apply_732,,Historic,App_1660,,,,2018-08-13,true,true,Closed,false,,,,
